country,life_exp,gdp_per_cap,lit_rate,fertility,land_area
Afghanistan,66.035,2201.72290691677,37,4.84,652230
Albania,79.602,23487.9936251703,98.5,1.348,27400
Algeria,76.261,17552.7742475631,81.4078369140625,2.766,2381741
Angola,64.617,8347.95279117055,72.4000015258789,5.124,1246700
Antigua and Barbuda,77.598,33602.3539957929,99,1.578,440
Argentina,77.395,30175.5359656699,97,1.5,2736690
Armenia,77.4658536585366,22823.1795255692,100,1.9,28470
Aruba,76.353,44967.3445127082,97.9899978637695,1.602,180
Azerbaijan,74.429,25088.9501767555,100,1.55,82650
Bahrain,81.284,67210.9890947485,98,1.824,790
Bangladesh,74.672,9646.76984383255,76,2.163,130170
Barbados,76.178,22671.9466863479,99.5,1.708,430
Belarus,74.1837804878049,33006.4166677827,100,1.208,202990
Belize,73.566,15092.7808546669,90.9160385131836,2.007,22810
Benin,60.774,4434.5642184028,47.0999984741211,4.556,112760
Bhutan,72.975,16253.9629503074,72.0999984741211,1.462,38140
Bolivia,68.581,11189.8055097036,94,2.547,1083300
Bosnia and Herzegovina,77.85,21971.0503961563,98.3000030517578,1.486,51200
Botswana,69.163,20538.1320160386,86.8231811523438,2.732,566730
Brazil,75.848,22333.4116642585,94.6900024414062,1.619,8358140
Brunei Darussalam,75.327,90007.077485547,97.5899963378906,1.747,5270
Bulgaria,75.7073170731707,41086.1194132913,98.4199981689453,1.81,108560
Burkina Faso,61.092,2896.18741593759,34.4900016784668,4.186,273600
Burundi,63.651,949.834613118208,75.5400009155273,4.878,25680
Cabo Verde,76.059,11261.7706486365,91,1.522,4030
Cambodia,70.668,7969.93361077408,83.7799987792969,2.579,176520
Cameroon,63.7,5591.49639781706,78.2300033569336,4.322,472710
Cayman Islands,80.358,86689.2088816431,99,1.531,240
Central African Republic,57.408,1263.59554279079,37.4900016784668,6.012,622980
Chad,55.069,2961.9319239201,27.2800006866455,6.12,1259200
Chile,81.167,34637.1168279143,97.1600036621094,1.167,743532
China,77.953,27104.8702677463,97,0.999,9388210
Colombia,77.725,21494.6002713853,96,1.645,1109500
Comoros,66.777,4055.12633434507,61.7099990844727,3.878,1861
"Congo, Dem. Rep.",61.895,1709.73207724172,80.5400009155273,6.051,2267050
"Congo, Rep.",65.772,7026.36202432036,80.6100006103516,4.157,341500
Costa Rica,80.799,30062.849160468,98.0400009155273,1.33,51060
Cote d'Ivoire,61.944,7653.45033756027,50.0006408691406,4.283,318000
Croatia,78.4731707317073,48575.2136083001,99.4499969482422,1.46,55960
Cyprus,81.648,61239.66015625,99.3600006103516,1.389,9240
Dominican Republic,73.72,27541.183570599,95.5,2.243,48198.02
Ecuador,77.392,15840.2668567412,94,1.823,248360
"Egypt, Arab Rep.",71.633,19094.1449444111,74.5,2.75,995450
El Salvador,72.099,13264.027090968,90,1.775,20720
Equatorial Guinea,63.707,17566.7600284073,94.3705368041992,4.081,28050
Eritrea,68.624,1742.32363018235,76.5705184936523,3.713,121040.829
Estonia,78.490243902439,49333.8067758296,99.870002746582,1.31,42730
Eswatini,64.123,11784.2800637308,90.7470169067383,2.753,17200
Ethiopia,67.315,3278.48967257937,51.7711791992188,3.989,1128571.4
Gabon,68.337,21509.5227883553,85.6900024414062,3.647,257670
"Gambia, The",65.86,3445.25159248185,58.6699981689453,4.006,10120
Georgia,74.496,28417.7518669146,100,1.81,69490
Ghana,65.498,8027.16842346122,80.379997253418,3.397,227533
Greece,81.5365853658537,44074.2956697377,94,1.32,128900
Grenada,75.205,20167.1993754495,98.4000015258789,1.487,340
Guatemala,72.602,14368.6601241885,83.0311737060547,2.311,107160
Guinea,60.74,4579.10187311541,45.3300018310547,4.217,245720
Guinea-Bissau,64.085,3052.69113655728,53.9000015258789,3.836,28120
Guyana,70.18,79905.7442521973,90.0299987792969,2.412,196850
Haiti,64.936,3183.45909033404,68.0098571777344,2.656,27560
Honduras,72.884,7486.01869616445,89,2.5,111890
Hungary,76.7707317073171,47635.8955299223,99.0999984741211,1.51,91260
India,72.003,11158.8809230756,77,1.975,2973190
Indonesia,71.146,16448.2755179559,96,2.127,1892555.47
"Iran, Islamic Rep.",77.654,18441.5577521605,88.9599990844727,1.695,1622500
Iraq,72.324,14464.3186928173,86,3.249,434128
Israel,83.1951219512195,55690.7391030986,92,2.85,21640
Italy,83.7,60846.9830270279,99,1.2,295720
Jamaica,71.479,11662.3446837367,80,1.358,10830
Jordan,77.814,10821.4909765317,95,2.639,88794
Kazakhstan,74.402,40813.0442804706,99.8000030517578,3.012,2699700
Kenya,63.646,6619.35857448994,82.879997253418,3.208,569140
Kiribati,66.473,3702.32600979985,97.9597091674805,3.147,810
"Korea, Rep.",83.4292682926829,52203.9685660494,98.8000030517578,0.721,97600
Kuwait,83.1878048780488,51635.9598107224,96,1.524,17820
Kyrgyz Republic,72.2487804878049,8009.40919445692,99.5999984741211,2.7,191800
Lao PDR,68.964,9787.85098404365,87.5199966430664,2.421,230800
Latvia,75.6780487804878,43866.9592690499,99.8899993896484,1.36,62230
Lebanon,77.817,12574.8329116403,93,2.239,10230
Lesotho,57.375,2998.47039504253,82.0100021362305,2.694,30360
Liberia,62.163,1884.91314291116,48.3013610839844,3.95,96320
Libya,69.339,13953.7980283318,76.5,2.355,1759540
Lithuania,76.9878048780488,54413.9640682813,99.8300018310547,1.18,62604
"Macao SAR, China",83.1804878048781,128267.62341957,97.1100006103516,0.586,33
Madagascar,63.632,1883.53743113319,77.4800033569336,3.972,581800
Malawi,67.353,1859.44796067768,68.0800018310547,3.648,94280
Malaysia,76.657,38728.9430329388,96,1.55,328550
Maldives,81.041,26542.7065404295,97.8600006103516,1.575,300
Mali,60.439,3308.66948870441,31,5.614,1220190
Malta,83.5073170731707,67364.1825074247,94.9400024414062,1.06,320
Marshall Islands,66.945,8198.12563302958,98,2.919,180
Mauritania,68.484,7271.34040477207,66.9599990844727,4.697,1030700
Mauritius,73.4121951219512,31050.933959114,92.1500015258789,1.39,1997
Mexico,75.069,25688.0964960445,95,1.91,1943950
Moldova,71.198,18716.5133942394,99.5999984741211,1.731,32890
Mongolia,72.1224390243902,19097.7314186395,99,2.7,1557506.789
Montenegro,77.5878048780488,33379.6432555927,98.9800033569336,1.74,13450
Morocco,75.313,10305.0546875,77.3499984741211,2.23,446300
Mozambique,63.611,1699.70503405145,60,4.763,786380
Myanmar,66.889,5997.46516323715,89,2.115,652670
Namibia,67.385,11686.6020624775,92.25,3.212,823290
Nepal,70.354,5736.62134332704,71.1500015258789,1.984,143350
Nicaragua,74.947,8708.79983051626,82.6145477294922,2.218,120340
Niger,61.183,2015.02282076047,38.0999984741211,6.061,1266700
Nigeria,54.462,6439.81292158502,63.1555404663086,4.482,910770
North Macedonia,75.3160975609756,26587.0325872589,97.5999984741211,1.5,25220
Oman,80.031,41664.1794999015,97,2.525,309500
Pakistan,67.649,6286.9799268998,58,3.605,770880
Palau,69.269,17531.6926506844,97,1.907,460
Panama,79.594,41404.7624346218,96,2.119,74180
Papua New Guinea,66.134,4888.55483136173,70.0636825561523,3.099,452860
Paraguay,73.844,18523.6810153005,95,2.422,396012.042
Peru,77.74,17802.4182498972,94,1.98,1280000
Philippines,69.833,11794.1375488492,98,1.916,298170
Poland,78.5073170731707,50378.0641849255,99.8000030517578,1.158,306090
Portugal,82.2804878048781,50616.5930893707,96.7799987792969,1.44,91605.6
Puerto Rico (US),81.69,50155.5410248334,92.4000015258789,0.92,8870
Qatar,82.368,126110.108801588,98,1.729,11490
Romania,76.6073170731707,48712.173062205,99,1.71,230080
Russian Federation,73.2546341463415,47404.96484375,100,1.41,16376870
Rwanda,67.785,3710.86040434596,79,3.698,24670
Samoa,71.698,7837.29243441426,99.0999984741211,3.829,2780
San Marino,85.706,75941.4899090162,100,1.149,60
Sao Tome and Principe,69.718,6229.50833298788,93.75,3.644,960
Saudi Arabia,78.732,71243.4311791406,98,2.28,2149690
Senegal,68.683,5110.39969800342,57.6699981689453,3.818,192530
Serbia,76.2209756097561,31867.2389617503,99,1.61,84090
Seychelles,74.9585365853659,33238.5800343754,96.1999969482422,2.02,460
Sierra Leone,61.786,3515.56271258888,48.6399993896484,3.791,72180
Singapore,82.8951219512195,150689.301625826,98,0.97,718
Slovenia,81.9780487804878,56530.6296825064,99.5999984741211,1.51,20136.4
Solomon Islands,70.528,2872.47876193859,77,3.557,27990
Somalia,58.816,1600.76362114264,54,6.132,627340
South Africa,66.139,15457.4891449518,90,2.216,1213090
South Sudan,57.617,1154.88686304107,34.5227584838867,3.864,631930
Spain,83.8829268292683,56926.2399029671,99,1.12,499713.681
Sri Lanka,77.483,15632.5924849848,92,1.974,61860
St. Vincent and the Grenadines,71.23,21272.0800673662,96.9000015258789,1.775,390
Sudan,66.331,2127.400390625,60.6971817016602,4.323,1868000
Suriname,73.631,22066.7320723321,95,2.249,160507.61
Syrian Arab Republic,72.12,4650.06687798544,94,2.712,185179.709
Tajikistan,71.79,5405.98011619139,99.6999969482422,3.072,138790
Tanzania,66.995,4220.79638671875,82.0199966430664,4.606,885800
Thailand,76.412,24708.2439372088,91.0998687744141,1.212,510890
Timor-Leste,67.689,4758.39202005466,69.9000015258789,2.707,14870
Togo,62.739,3239.09143737535,67,4.192,54390
Tonga,72.895,7852.76498057614,99.4000015258789,3.129,720
Trinidad and Tobago,73.49,36021.1259580231,97.9000015258789,1.532,5130
Tunisia,76.508,14451.2544977748,85.2149276733398,1.832,155360
Turkiye,77.156,43932.0822203006,97,1.51,769630
Turkmenistan,70.073,20407.8009519632,99.4000015258789,2.69,469930
Uganda,68.252,3275.7631600887,80.5899963378906,4.283,200520
Ukraine,73.422,18550.462890625,100,0.977,579400
United Arab Emirates,82.909,77958.8954093036,98,1.2,71020
Uruguay,78.138,36417.874162496,99,1.409,175020
Uzbekistan,72.388,11878.5528706848,100,3.5,440652
Vanuatu,71.477,3602.40727009487,89.0999984741211,3.596,12190
"Venezuela, RB",72.514,17349.1759979718,97.5999984741211,2.079,882050
Viet Nam,74.588,16385.5065565458,96,1.913,313429
West Bank and Gaza,65.17,4371.11135857265,98,3.311,6025
"Yemen, Rep.",69.295,3164.32154222887,54.0999984741211,4.59,527970
Zambia,66.349,4223.95020752457,87.5,4.101,743390
Zimbabwe,62.775,3921.69795648277,89.8499984741211,3.724,386850
